{"cameraMode":{"drawMode":0,"name":"Shaded","section":"Shading Mode"},"sceneLighting":true,"audioPlay":false,"sceneViewState":{"showFog":true,"showMaterialUpdate":false,"showSkybox":true,"showFlares":true,"showImageEffects":true,"showParticleSystems":true,"showVisualEffectGraphs":true,"m_FxEnabled":true},"in2DMode":false,"pivot":{"x":0.10069679468870163,"y":1.5492985248565674,"z":-0.19973182678222657},"rotation":{"x":0.019187206402420999,"y":-0.014400482177734375,"z":-0.0002911422634497285,"w":-0.9997257590293884},"size":2.4997241497039797,"orthographic":false}